buyer_agent_id,accept_tick,final_price_cents,market_baseline_cents,market_premium,arm,agent_id,price_usd,premium_usd,logged_agent
1,373,4000,18567,-14567,baseline,1,40.0,-145.67,True
27,374,5200,26281,-21081,baseline,27,52.0,-210.81,False
47,375,800,16565,-15765,baseline,47,8.0,-157.65,False
38,375,3400,26478,-23078,baseline,38,34.0,-230.78,False
73,375,14500,18567,-4067,baseline,73,145.0,-40.67,False
61,376,3900,16565,-12665,baseline,61,39.0,-126.65,True
86,377,1400,5989,-4589,baseline,86,14.0,-45.89,True
22,378,11000,18650,-7650,baseline,22,110.0,-76.5,False
6,379,5300,16565,-11265,baseline,6,53.0,-112.65,True
6,379,3400,16565,-13165,baseline,6,34.0,-131.65,True
41,380,900,5989,-5089,baseline,41,9.0,-50.89,True
62,382,600,18589,-17989,baseline,62,6.0,-179.89,False
62,382,800,18589,-17789,baseline,62,8.0,-177.89,False
97,383,700,18589,-17889,baseline,97,7.0,-178.89,False
50,386,5000,26920,-21920,baseline,50,50.0,-219.2,False
67,387,4300,26616,-22316,baseline,67,43.0,-223.16,False
38,389,5200,26920,-21720,baseline,38,52.0,-217.2,False
59,392,2400,6016,-3616,baseline,59,24.0,-36.16,False
29,392,9000,29256,-20256,baseline,29,90.0,-202.56,False
80,392,5600,6016,-416,baseline,80,56.0,-4.16,False
48,393,384,16637,-16253,baseline,48,3.84,-162.53,False
35,393,2300,16062,-13762,baseline,35,23.0,-137.62,False
43,400,9000,29256,-20256,baseline,43,90.0,-202.56,False
42,401,1300,6016,-4716,baseline,42,13.0,-47.16,False
18,401,2700,16784,-14084,baseline,18,27.0,-140.84,False
87,401,800,6016,-5216,baseline,87,8.0,-52.16,False
55,402,6800,29547,-22747,baseline,55,68.0,-227.47,False
55,403,8000,29547,-21547,baseline,55,80.0,-215.47,False
55,403,8000,29547,-21547,baseline,55,80.0,-215.47,False
55,403,9000,29547,-20547,baseline,55,90.0,-205.47,False
66,403,12600,18685,-6085,baseline,66,126.0,-60.85,True
66,403,4000,18685,-14685,baseline,66,40.0,-146.85,True
90,403,1455,16721,-15266,baseline,90,14.55,-152.66,False
66,403,10700,18685,-7985,baseline,66,107.0,-79.85,True
24,404,2800,16858,-14058,baseline,24,28.0,-140.58,False
90,405,1400,16656,-15256,baseline,90,14.0,-152.56,False
90,406,2800,16585,-13785,baseline,90,28.0,-137.85,False
49,406,3300,16390,-13090,baseline,49,33.0,-130.9,False
23,412,1000,18633,-17633,baseline,23,10.0,-176.33,False
36,412,4000,18633,-14633,baseline,36,40.0,-146.33,True
66,413,11000,18633,-7633,baseline,66,110.0,-76.33,True
77,413,5200,18633,-13433,baseline,77,52.0,-134.33,False
69,417,2200,5485,-3285,baseline,69,22.0,-32.85,False
69,420,1500,5485,-3985,baseline,69,15.0,-39.85,False
1,431,23000,18655,4345,baseline,1,230.0,43.45,True
19,432,28000,18655,9345,baseline,19,280.0,93.45,False
41,432,1300,16388,-15088,baseline,41,13.0,-150.88,True
71,433,11000,30794,-19794,baseline,71,110.0,-197.94,True
13,437,1920,18655,-16735,baseline,13,19.2,-167.35,False
71,439,22000,30794,-8794,baseline,71,220.0,-87.94,True
61,440,4200,16388,-12188,baseline,61,42.0,-121.88,True
61,440,1400,16388,-14988,baseline,61,14.0,-149.88,True
36,443,5300,18655,-13355,baseline,36,53.0,-133.55,True
19,449,26000,18721,7279,baseline,19,260.0,72.79,False
77,449,6000,18721,-12721,baseline,77,60.0,-127.21,False
31,450,2700,18676,-15976,baseline,31,27.0,-159.76,True
31,450,5300,18676,-13376,baseline,31,53.0,-133.76,True
75,456,1150,6068,-4918,baseline,75,11.5,-49.18,False
1,373,4000,18567,-14567,pressure,1,40.0,-145.67,True
86,376,1400,5989,-4589,pressure,86,14.0,-45.89,True
38,376,52,26478,-26426,pressure,38,0.52,-264.26,False
52,377,960,18567,-17607,pressure,52,9.6,-176.07,False
42,378,1300,5989,-4689,pressure,42,13.0,-46.89,False
86,382,2200,6017,-3817,pressure,86,22.0,-38.17,True
49,383,3300,15627,-12327,pressure,49,33.0,-123.27,False
49,385,1400,15619,-14219,pressure,49,14.0,-142.19,False
49,385,2300,15619,-13319,pressure,49,23.0,-133.19,False
87,386,1840,6017,-4177,pressure,87,18.4,-41.77,False
100,389,15,15218,-15203,pressure,100,0.15,-152.03,False
61,391,3900,16640,-12740,pressure,61,39.0,-127.4,True
59,391,2375,6068,-3693,pressure,59,23.75,-36.93,False
42,391,800,6068,-5268,pressure,42,8.0,-52.68,False
50,393,4900,27340,-22440,pressure,50,49.0,-224.4,False
84,395,1900,14815,-12915,pressure,84,19.0,-129.15,False
32,395,9000,29134,-20134,pressure,32,90.0,-201.34,False
25,400,3600,16640,-13040,pressure,25,36.0,-130.4,False
79,401,1400,14815,-13415,pressure,79,14.0,-134.15,False
79,401,2800,14815,-12015,pressure,79,28.0,-120.15,False
79,401,3300,14815,-11515,pressure,79,33.0,-115.15,False
79,401,43,14815,-14772,pressure,79,0.43,-147.72,False
79,401,2300,14971,-12671,pressure,79,23.0,-126.71,False
80,402,5600,6040,-440,pressure,80,56.0,-4.4,False
96,402,15000,18725,-3725,pressure,96,150.0,-37.25,True
48,403,750,5998,-5248,pressure,48,7.5,-52.48,False
3,406,3400,16710,-13310,pressure,3,34.0,-133.1,False
86,406,1200,5998,-4798,pressure,86,12.0,-47.98,True
71,407,9000,29017,-20017,pressure,71,90.0,-200.17,True
42,408,3300,6027,-2727,pressure,42,33.0,-27.27,False
60,408,6500,26958,-20458,pressure,60,65.0,-204.58,False
28,409,4300,25123,-20823,pressure,28,43.0,-208.23,False
10,413,2300,5976,-3676,pressure,10,23.0,-36.76,False
69,413,2300,5154,-2854,pressure,69,23.0,-28.54,False
67,415,4300,25123,-20823,pressure,67,43.0,-208.23,False
95,415,6500,26958,-20458,pressure,95,65.0,-204.58,False
13,416,4700,18867,-14167,pressure,13,47.0,-141.67,False
61,418,1000,16584,-15584,pressure,61,10.0,-155.84,True
46,418,3200,18810,-15610,pressure,46,32.0,-156.1,True
52,419,960,18810,-17850,pressure,52,9.6,-178.5,False
68,420,3200,16584,-13384,pressure,68,32.0,-133.84,False
36,420,11000,18810,-7810,pressure,36,110.0,-78.1,True
91,422,17500,18810,-1310,pressure,91,175.0,-13.1,True
14,424,750,16657,-15907,pressure,14,7.5,-159.07,False
84,424,1900,15578,-13678,pressure,84,19.0,-136.78,False
75,427,750,5932,-5182,pressure,75,7.5,-51.82,False
42,429,2200,5932,-3732,pressure,42,22.0,-37.32,False
47,435,800,16645,-15845,pressure,47,8.0,-158.45,False
6,437,5300,16645,-11345,pressure,6,53.0,-113.45,True
71,438,11000,29300,-18300,pressure,71,110.0,-183.0,True
71,438,22500,29300,-6800,pressure,71,225.0,-68.0,True
52,438,800,18926,-18126,pressure,52,8.0,-181.26,False
44,439,2000,15229,-13229,pressure,44,20.0,-132.29,False
29,440,9000,29300,-20300,pressure,29,90.0,-203.0,False
29,441,22500,29300,-6800,pressure,29,225.0,-68.0,False
32,442,31000,29300,1700,pressure,32,310.0,17.0,False
96,442,16500,19025,-2525,pressure,96,165.0,-25.25,True
90,443,1300,16645,-15345,pressure,90,13.0,-153.45,False
29,443,12000,29300,-17300,pressure,29,120.0,-173.0,False
62,449,2900,19022,-16122,pressure,62,29.0,-161.22,False
75,449,1300,5937,-4637,pressure,75,13.0,-46.37,False
20,452,3600,19026,-15426,pressure,20,36.0,-154.26,False
25,454,1410,15191,-13781,pressure,25,14.1,-137.81,False
